<?xml version="1.0" standalone="no" ?>
<manifest identifier="eild.scorm.er_rel_trainer" version="1">
    <metadata>
        <schema>ADL SCORM</schema>
        <schemaversion>1.2</schemaversion>
    </metadata>
    <organizations default="er_rel_trainer">
        <organization identifier="er_rel_trainer">
            <title>ER-REL-Trainer</title>
            <item identifier="item_1" identifierref="resource_1">
                <title>ER-REL-Trainer</title>
            </item>
        </organization>
    </organizations>
    <resources>
        <resource identifier="resource_1" type="webcontent" href="index.html"></resource>
    </resources>
</manifest>
